<?xml version="1.0" encoding="UTF-8" standalone="no"?>
<!-- Generated 22 abr 2024 16:57:39 by Hibernate Tools 5.6.15.Final --><!DOCTYPE hibernate-mapping PUBLIC "-//Hibernate/Hibernate Mapping DTD 3.0//EN" "http://www.hibernate.org/dtd/hibernate-mapping-3.0.dtd">
<hibernate-mapping>
    <class catalog="recuang" name="MapeoClases.Programas" optimistic-lock="none" table="programas">
        <id name="codPro" type="string">
            <column length="5" name="COD_PRO"/>
            <generator class="assigned"/>
        </id>
        <property name="nombre" type="string">
            <column length="50" name="NOMBRE"/>
        </property>
        <property name="ver" type="string">
            <column length="20" name="VER"/>
        </property>
        <set fetch="select" inverse="true" lazy="true" name="fabricanteses" table="desarrolla">
            <key>
                <column length="5" name="COD_PRO" not-null="true"/>
            </key>
            <many-to-many entity-name="MapeoClases.Fabricantes">
                <column length="5" name="COD_FAB" not-null="true"/>
            </many-to-many>
        </set>
    </class>
</hibernate-mapping>
