<?xml version="1.0" encoding="UTF-8" standalone="no"?>
<!-- Generated 19 abr 2024 17:25:08 by Hibernate Tools 6.3.1.Final --><!DOCTYPE hibernate-mapping PUBLIC "-//Hibernate/Hibernate Mapping DTD 3.0//EN" "http://www.hibernate.org/dtd/hibernate-mapping-3.0.dtd">
<hibernate-mapping>
    <class catalog="recuang" name="MapeCalses.Fabricantes" optimistic-lock="none" table="fabricantes">
        <id name="codFab" type="string">
            <column length="5" name="COD_FAB"/>
            <generator class="assigned"/>
        </id>
        <property name="nombre" type="string">
            <column length="20" name="NOMBRE"/>
        </property>
        <property name="pais" type="string">
            <column length="20" name="PAIS"/>
        </property>
        <set fetch="select" inverse="false" lazy="true" name="programases" table="desarrolla">
            <key>
                <column length="5" name="COD_FAB" not-null="true"/>
            </key>
            <many-to-many entity-name="MapeCalses.Programas">
                <column length="5" name="COD_PRO" not-null="true"/>
            </many-to-many>
        </set>
    </class>
</hibernate-mapping>
